Localite,Homme,Femme,Total
CR.  DIANKE SOUF,11046.566141211,10948,21995
CR.  SAGNA,20926.4997477098,22647,43574
