Localite,Homme,Femme,Total
CR.  SALY ESCALE,13150.6081575359,13192,26343
CR.  FASS THIEKENE,9402.45172125105,8930,18333
CR.  IDA MOURIDE,11246.6304745537,10798,22044
