Localite,Homme,Femme,Total
CR.  LOUR ESCALE,13178.8012953054,12853,26032
CR.  RIBOT ESCALE,8447.91767405511,7741,16189
