Localite,Homme,Femme,Total
CR.  BOULEL,13496.0188022136,13551,27048
CR.  GNIBY,9159.53263532558,8801,17960
CR.  KAHI,12372.6731297354,12458,24831
